{"lastDeploymentHandler":"com.amazonaws.lambda.demo.DeviceLogHandler","lastInvokeHandler":"com.amazonaws.lambda.demo.DeviceLogHandler","handlerMetadata":{"com.amazonaws.lambda.demo.DeviceLogHandler":{"deployment":{"regionId":"ap-northeast-2","awsLambdaFunctionName":"DeviceLogLambdaProject","awsIamRoleName":"lambda_basic_execution","awsS3BucketName":"lambda-function-bucket-ap-northeast-2-1634925850211","memory":0,"timeout":0},"invoke":{"selectJsonFile":false,"invokeJsonFile":"","selectJsonInput":true,"invokeInput":"","showLiveLog":true}}},"lastInvokedHandlerDeployed":true}